{"issue_number": 510, "created_at": "2019-11-10", "closed_at": "2019-11-10", "labels": ["Address:3020 S Halsted St-Chicago-IL-60608", "Category:Bug", "DetectionPhase:Design", "OriginationPhase:Requirements", "Priority:Critical", "Status:Approved"], "State": "closed", "Author": "ZFA19SCM21X"}
{"issue_number": 509, "created_at": "2019-11-10", "closed_at": null, "labels": ["Category:Inquiry", "DetectionPhase:Testing", "OriginationPhase:Coding", "Priority:High", "Status:inProgress"], "State": "open", "Author": "SPM587FA19"}
{"issue_number": 508, "created_at": "2019-11-10", "closed_at": null, "labels": ["Category:Inquiry", "DetectionPhase:Testing", "OriginationPhase:Documentation", "Priority:High", "Status:inProgress"], "State": "open", "Author": "SPM587FA19"}
{"issue_number": 507, "created_at": "2019-11-10", "closed_at": null, "labels": ["Category:Bug", "DetectionPhase:Design", "OriginationPhase:Requirements", "Priority:Low", "Status:Approved"], "State": "open", "Author": "SPM587FA19"}
{"issue_number": 506, "created_at": "2019-11-10", "closed_at": null, "labels": ["Category:Inquiry", "DetectionPhase:Design", "OriginationPhase:Coding", "Priority:High", "Status:Rejected"], "State": "open", "Author": "SPM587FA19"}
{"issue_number": 505, "created_at": "2019-11-10", "closed_at": null, "labels": ["Category:Inquiry", "DetectionPhase:Coding", "OriginationPhase:Field", "Priority:Major", "Status:pendingReview"], "State": "open", "Author": "SPM587FA19"}
{"issue_number": 504, "created_at": "2019-11-10", "closed_at": null, "labels": ["Category:Bug", "DetectionPhase:Field", "OriginationPhase:Field", "Priority:High", "Status:inProgress"], "State": "open", "Author": "SPM587FA19"}
{"issue_number": 503, "created_at": "2019-11-10", "closed_at": null, "labels": ["Category:Bug", "DetectionPhase:Field", "OriginationPhase:Design", "Priority:High", "Status:Completed"], "State": "open", "Author": "SPM587FA19"}
{"issue_number": 502, "created_at": "2019-11-10", "closed_at": null, "labels": ["Category:Enhancement", "DetectionPhase:Field", "OriginationPhase:Design", "Priority:Critical", "Status:Approved"], "State": "open", "Author": "SPM587FA19"}
{"issue_number": 501, "created_at": "2019-11-10", "closed_at": null, "labels": ["Category:Inquiry", "DetectionPhase:Field", "OriginationPhase:Coding", "Priority:Critical", "Status:Approved"], "State": "open", "Author": "SPM587FA19"}
{"issue_number": 500, "created_at": "2019-11-09", "closed_at": null, "labels": ["Category:Bug", "DetectionPhase:Field", "OriginationPhase:Documentation", "Priority:Critical", "Status:Completed"], "State": "open", "Author": "SPM587FA19"}
{"issue_number": 499, "created_at": "2019-11-09", "closed_at": null, "labels": ["Category:Bug", "DetectionPhase:Design", "OriginationPhase:Testing", "Priority:Major", "Status:Approved"], "State": "open", "Author": "SPM587FA19"}
{"issue_number": 498, "created_at": "2019-11-09", "closed_at": null, "labels": ["Category:Enhancement", "DetectionPhase:Field", "OriginationPhase:Documentation", "Priority:Critical", "Status:Completed"], "State": "open", "Author": "SPM587FA19"}
{"issue_number": 497, "created_at": "2019-11-09", "closed_at": null, "labels": ["Category:Enhancement", "DetectionPhase:Field", "OriginationPhase:Requirements", "Priority:High", "Status:inProgress"], "State": "open", "Author": "SPM587FA19"}
{"issue_number": 496, "created_at": "2019-11-09", "closed_at": null, "labels": ["Category:Bug", "DetectionPhase:Field", "OriginationPhase:Design", "Priority:Low", "Status:Completed"], "State": "open", "Author": "SPM587FA19"}
{"issue_number": 495, "created_at": "2019-11-09", "closed_at": null, "labels": ["Category:Bug", "DetectionPhase:Design", "OriginationPhase:Design", "Priority:High", "Status:inProgress"], "State": "open", "Author": "SPM587FA19"}
{"issue_number": 494, "created_at": "2019-11-09", "closed_at": null, "labels": ["Category:Inquiry", "DetectionPhase:Field", "OriginationPhase:Documentation", "Priority:Critical", "Status:Rejected"], "State": "open", "Author": "SPM587FA19"}
{"issue_number": 493, "created_at": "2019-11-09", "closed_at": null, "labels": ["Category:Enhancement", "DetectionPhase:Field", "OriginationPhase:Testing", "Priority:Critical", "Status:Approved"], "State": "open", "Author": "SPM587FA19"}
{"issue_number": 492, "created_at": "2019-11-09", "closed_at": null, "labels": ["Category:Inquiry", "DetectionPhase:Field", "OriginationPhase:Design", "Priority:Critical", "Status:Approved"], "State": "open", "Author": "SPM587FA19"}
{"issue_number": 491, "created_at": "2019-11-09", "closed_at": null, "labels": ["Category:Bug", "DetectionPhase:Field", "OriginationPhase:Documentation", "Priority:Critical", "Status:Approved"], "State": "open", "Author": "SPM587FA19"}
{"issue_number": 490, "created_at": "2019-11-09", "closed_at": "2019-11-09", "labels": ["Category:Enhancement", "DetectionPhase:Testing", "OriginationPhase:Design", "Priority:Critical", "Status:Approved"], "State": "closed", "Author": "HFA19SCM15L"}
{"issue_number": 488, "created_at": "2019-11-09", "closed_at": "2019-11-09", "labels": ["Address:McDonalds-2301-S-Lake-Shore-Dr- IL-60616", "Category:Bug", "DetectionPhase:Design", "OriginationPhase:Design", "Priority:Medium", "Status:Approved"], "State": "closed", "Author": "HFA19SCM15L"}
{"issue_number": 486, "created_at": "2019-11-09", "closed_at": null, "labels": ["Category:Inquiry", "DetectionPhase:Coding", "Priority:Critical", "Status:Rejected"], "State": "open", "Author": "CFA19SCM34L"}
{"issue_number": 485, "created_at": "2019-11-09", "closed_at": null, "labels": ["Category:Inquiry", "DetectionPhase:Design", "Priority:Low", "Status:Rejected"], "State": "open", "Author": "CFA19SCM34L"}
{"issue_number": 478, "created_at": "2019-11-09", "closed_at": null, "labels": ["Category:Bug", "DetectionPhase:Testing", "OriginationPhase:Design", "Priority:Critical", "Status:Rejected"], "State": "open", "Author": "MFA19SCM89C"}
{"issue_number": 475, "created_at": "2019-11-09", "closed_at": null, "labels": ["Address:McDonalds-2301-S-Lake-Shore-Dr- IL-60616", "Category:Bug", "DetectionPhase:Design", "OriginationPhase:Requirements", "Priority:Medium", "Status:Approved"], "State": "open", "Author": "XFA19SCM40Z"}
{"issue_number": 474, "created_at": "2019-11-09", "closed_at": "2019-11-09", "labels": ["Category:Inquiry", "DetectionPhase:Field", "OriginationPhase:Field", "Priority:High", "Status:inProgress"], "State": "closed", "Author": "KFA19SCM16Y"}
{"issue_number": 473, "created_at": "2019-11-09", "closed_at": "2019-11-09", "labels": ["Address:McDonalds-CA-95605-800-Riverpoint", "Category:Inquiry", "DetectionPhase:Coding", "Latitude:38.592090", "Longitude:-121.548750", "OriginationPhase:Coding", "Priority:Major", "Status:Rejected"], "State": "closed", "Author": "MFA19SCM89C"}
{"issue_number": 469, "created_at": "2019-11-09", "closed_at": "2019-11-09", "labels": ["Category:Bug", "DetectionPhase:Testing", "OriginationPhase:Requirements", "Priority:Major", "Status:Approved"], "State": "closed", "Author": "YFA19SCM95C"}
{"issue_number": 467, "created_at": "2019-11-09", "closed_at": "2019-11-09", "labels": ["DetectionPhase:Design", "OriginationPhase:Design", "Priority:Critical", "Status:Approved"], "State": "closed", "Author": "KFA19SCM16Y"}
{"issue_number": 465, "created_at": "2019-11-09", "closed_at": null, "labels": ["Category:Enhancement", "DetectionPhase:Field", "OriginationPhase:Requirements", "Priority:Medium", "Status:Rejected"], "State": "open", "Author": "SPM587FA19"}
{"issue_number": 464, "created_at": "2019-11-09", "closed_at": null, "labels": ["Category:Inquiry", "DetectionPhase:Coding", "OriginationPhase:Documentation", "Priority:Critical", "Status:pendingReview"], "State": "open", "Author": "SPM587FA19"}
{"issue_number": 463, "created_at": "2019-11-09", "closed_at": null, "labels": ["Category:Inquiry", "DetectionPhase:Testing", "OriginationPhase:Design", "Priority:Major", "Status:inProgress"], "State": "open", "Author": "SPM587FA19"}
{"issue_number": 462, "created_at": "2019-11-09", "closed_at": null, "labels": ["Category:Bug", "DetectionPhase:Testing", "OriginationPhase:Design", "Priority:Low", "Status:pendingReview"], "State": "open", "Author": "SPM587FA19"}
{"issue_number": 461, "created_at": "2019-11-09", "closed_at": null, "labels": ["Category:Enhancement", "DetectionPhase:Field", "OriginationPhase:Field", "Priority:High", "Status:pendingReview"], "State": "open", "Author": "SPM587FA19"}
{"issue_number": 460, "created_at": "2019-11-09", "closed_at": null, "labels": ["Category:Bug", "DetectionPhase:Field", "OriginationPhase:Documentation", "Priority:Critical", "Status:Rejected"], "State": "open", "Author": "SPM587FA19"}
{"issue_number": 459, "created_at": "2019-11-09", "closed_at": null, "labels": ["Category:Enhancement", "DetectionPhase:Field", "OriginationPhase:Requirements", "Priority:Critical", "Status:inProgress"], "State": "open", "Author": "SPM587FA19"}
{"issue_number": 458, "created_at": "2019-11-09", "closed_at": null, "labels": ["Category:Inquiry", "DetectionPhase:Design", "OriginationPhase:Testing", "Priority:Major", "Status:Approved"], "State": "open", "Author": "SPM587FA19"}
{"issue_number": 457, "created_at": "2019-11-09", "closed_at": null, "labels": ["Category:Enhancement", "DetectionPhase:Design", "OriginationPhase:Testing", "Priority:Critical", "Status:inProgress"], "State": "open", "Author": "SPM587FA19"}
{"issue_number": 456, "created_at": "2019-11-09", "closed_at": null, "labels": ["Category:Inquiry", "DetectionPhase:Field", "OriginationPhase:Testing", "Priority:Low", "Status:inProgress"], "State": "open", "Author": "SPM587FA19"}
{"issue_number": 455, "created_at": "2019-11-09", "closed_at": null, "labels": ["Category:Enhancement", "DetectionPhase:Design", "OriginationPhase:Documentation", "Priority:Low", "Status:pendingReview"], "State": "open", "Author": "SPM587FA19"}
{"issue_number": 454, "created_at": "2019-11-09", "closed_at": null, "labels": ["Category:Inquiry", "DetectionPhase:Field", "OriginationPhase:Testing", "Priority:Medium", "Status:Completed"], "State": "open", "Author": "SPM587FA19"}
{"issue_number": 453, "created_at": "2019-11-09", "closed_at": null, "labels": ["Category:Bug", "DetectionPhase:Coding", "OriginationPhase:Documentation", "Priority:Major", "Status:inProgress"], "State": "open", "Author": "SPM587FA19"}
{"issue_number": 452, "created_at": "2019-11-09", "closed_at": null, "labels": ["Category:Inquiry", "DetectionPhase:Testing", "OriginationPhase:Requirements", "Priority:Major", "Status:Rejected"], "State": "open", "Author": "SPM587FA19"}
{"issue_number": 451, "created_at": "2019-11-09", "closed_at": null, "labels": ["Category:Bug", "DetectionPhase:Field", "OriginationPhase:Field", "Priority:Critical", "Status:Approved"], "State": "open", "Author": "SPM587FA19"}
{"issue_number": 450, "created_at": "2019-11-09", "closed_at": null, "labels": ["Category:Enhancement", "DetectionPhase:Design", "OriginationPhase:Design", "Priority:Low", "Status:Approved"], "State": "open", "Author": "SPM587FA19"}
{"issue_number": 449, "created_at": "2019-11-09", "closed_at": null, "labels": ["Category:Inquiry", "DetectionPhase:Design", "OriginationPhase:Coding", "Priority:Medium", "Status:pendingReview"], "State": "open", "Author": "SPM587FA19"}
{"issue_number": 448, "created_at": "2019-11-09", "closed_at": null, "labels": ["Category:Bug", "DetectionPhase:Design", "OriginationPhase:Testing", "Priority:Critical", "Status:Rejected"], "State": "open", "Author": "SPM587FA19"}
{"issue_number": 447, "created_at": "2019-11-09", "closed_at": null, "labels": ["Category:Inquiry", "DetectionPhase:Testing", "OriginationPhase:Coding", "Priority:Low", "Status:pendingReview"], "State": "open", "Author": "SPM587FA19"}
{"issue_number": 446, "created_at": "2019-11-09", "closed_at": null, "labels": ["Category:Bug", "DetectionPhase:Field", "OriginationPhase:Field", "Priority:High", "Status:inProgress"], "State": "open", "Author": "SPM587FA19"}
{"issue_number": 445, "created_at": "2019-11-09", "closed_at": "2019-11-09", "labels": ["Address:McDonalds-3020SHalsted St-Chicago-IL-60608", "Category:Bug", "DetectionPhase:Design", "OriginationPhase:Design", "Priority:Critical", "Status:Approved"], "State": "closed", "Author": "YFA19SCM95C"}
{"issue_number": 441, "created_at": "2019-11-08", "closed_at": "2019-11-08", "labels": ["Category:Enhancement", "DetectionPhase:Testing", "OriginationPhase:Requirements", "Priority:Critical", "Status:Approved"], "State": "closed", "Author": "JFA19SCM67L"}
{"issue_number": 440, "created_at": "2019-11-08", "closed_at": null, "labels": ["Category:Inquiry", "DetectionPhase:Field", "OriginationPhase:Testing", "Priority:High", "Status:inProgress"], "State": "open", "Author": "SFA19SCM58Z"}
{"issue_number": 437, "created_at": "2019-11-08", "closed_at": "2019-11-08", "labels": ["Category:Inquiry", "DetectionPhase:Field", "OriginationPhase:Coding", "Priority:High", "Status:inProgress"], "State": "closed", "Author": "NFA19SCM88P"}
{"issue_number": 426, "created_at": "2019-11-08", "closed_at": "2019-11-08", "labels": ["Address:McDonalds-2301-S-Lake-Shore-Dr- IL-60616", "Category:Bug", "DetectionPhase:Design", "OriginationPhase:Requirements", "Priority:Critical", "Status:Approved"], "State": "closed", "Author": "JFA19SCM87Y"}
{"issue_number": 425, "created_at": "2019-11-08", "closed_at": null, "labels": ["Category:Inquiry", "DetectionPhase:Field", "OriginationPhase:Coding", "Priority:Low", "Status:inProgress"], "State": "open", "Author": "DFA19SCM12B"}
{"issue_number": 424, "created_at": "2019-11-08", "closed_at": "2019-11-08", "labels": ["Category:Inquiry", "DetectionPhase:Field", "OriginationPhase:Coding", "Priority:High", "Status:inProgress"], "State": "closed", "Author": "SFA19SCM82X"}
{"issue_number": 422, "created_at": "2019-11-08", "closed_at": "2019-11-08", "labels": ["Category:Enhancement", "DetectionPhase:Testing", "OriginationPhase:Requirements", "Priority:Major", "Status:Completed"], "State": "closed", "Author": "JFA19SCM87Y"}
{"issue_number": 419, "created_at": "2019-11-08", "closed_at": "2019-11-08", "labels": ["Category:Inquiry", "DetectionPhase:Field", "OriginationPhase:Coding", "Priority:High", "Status:pendingReview"], "State": "closed", "Author": "YFA19SCM26H"}
{"issue_number": 418, "created_at": "2019-11-08", "closed_at": "2019-11-08", "labels": ["Category:Enhancement", "DetectionPhase:Testing", "OriginationPhase:Design", "Priority:Critical", "Status:Approved"], "State": "closed", "Author": "SFA19SCM67T"}
{"issue_number": 416, "created_at": "2019-11-08", "closed_at": "2019-11-08", "labels": ["Category:Inquiry", "DetectionPhase:Field", "OriginationPhase:Coding", "Priority:High", "Status:inProgress"], "State": "closed", "Author": "poojaurs01"}
{"issue_number": 415, "created_at": "2019-11-08", "closed_at": null, "labels": ["Category:Bug", "DetectionPhase:Testing", "OriginationPhase:Requirements", "Priority:Critical", "Status:Approved"], "State": "open", "Author": "SFA19SCM89C"}
{"issue_number": 413, "created_at": "2019-11-08", "closed_at": "2019-11-08", "labels": ["Category:Bug", "DetectionPhase:Testing", "OriginationPhase:Design", "Priority:Critical", "Status:Approved"], "State": "closed", "Author": "AFA19SCM55K"}
{"issue_number": 412, "created_at": "2019-11-08", "closed_at": null, "labels": ["Category:Inquiry", "DetectionPhase:Field", "OriginationPhase:Coding", "Priority:High", "Status:inProgress"], "State": "open", "Author": "KFA19SCM86P"}
{"issue_number": 411, "created_at": "2019-11-08", "closed_at": null, "labels": ["Category:Enhancement", "DetectionPhase:Design", "OriginationPhase:Requirements", "Priority:Major", "Status:Completed"], "State": "open", "Author": "SPM587FA19"}
{"issue_number": 410, "created_at": "2019-11-08", "closed_at": null, "labels": ["Category:Enhancement", "DetectionPhase:Design", "OriginationPhase:Documentation", "Priority:Medium", "Status:inProgress"], "State": "open", "Author": "SPM587FA19"}
{"issue_number": 409, "created_at": "2019-11-08", "closed_at": "2019-11-10", "labels": ["Category:Inquiry", "DetectionPhase:Field", "OriginationPhase:Coding", "Priority:Medium", "Status:inProgress"], "State": "closed", "Author": "SPM587FA19"}
{"issue_number": 408, "created_at": "2019-11-08", "closed_at": "2019-11-10", "labels": ["Category:Enhancement", "DetectionPhase:Field", "OriginationPhase:Testing", "Priority:Critical", "Status:Rejected"], "State": "closed", "Author": "SPM587FA19"}
{"issue_number": 407, "created_at": "2019-11-08", "closed_at": "2019-11-08", "labels": ["Address:McDonalds-3020SHalsted St-Chicago-IL-60608", "Category:Bug", "DetectionPhase:Design", "Latitude:41.838982", "Longitude:-87.646896", "OriginationPhase:Requirements", "Priority:Medium", "Status:pendingReview"], "State": "closed", "Author": "poojaurs01"}
{"issue_number": 406, "created_at": "2019-11-08", "closed_at": "2019-11-10", "labels": ["Category:Bug", "DetectionPhase:Design", "OriginationPhase:Documentation", "Priority:Critical", "Status:Completed"], "State": "closed", "Author": "SPM587FA19"}
{"issue_number": 397, "created_at": "2019-11-07", "closed_at": "2019-11-08", "labels": ["Category:Inquiry", "DetectionPhase:Field", "OriginationPhase:Testing", "Priority:High", "Status:inProgress"], "State": "closed", "Author": "SFA19SCM44R"}
{"issue_number": 396, "created_at": "2019-11-07", "closed_at": "2019-11-08", "labels": ["Category:Inquiry", "DetectionPhase:Field", "OriginationPhase:Coding", "Priority:Low", "Status:inProgress"], "State": "closed", "Author": "VFA19SCM94N"}
{"issue_number": 389, "created_at": "2019-11-07", "closed_at": "2019-11-07", "labels": ["Category:Bug", "DetectionPhase:Testing", "OriginationPhase:Requirements", "Priority:Major", "Status:Rejected"], "State": "closed", "Author": "ZFA19SCM87X"}
{"issue_number": 387, "created_at": "2019-11-07", "closed_at": "2019-11-07", "labels": ["Category:Inquiry", "DetectionPhase:Field", "OriginationPhase:Coding", "Priority:High", "Status:inProgress"], "State": "closed", "Author": "SFA19SCM92T"}
{"issue_number": 386, "created_at": "2019-11-07", "closed_at": "2019-11-08", "labels": ["Category:Inquiry", "DetectionPhase:Field", "OriginationPhase:Coding", "Priority:Low", "Status:pendingReview"], "State": "closed", "Author": "TFA19SCM98A"}
{"issue_number": 385, "created_at": "2019-11-07", "closed_at": "2019-11-08", "labels": ["Address:McDonalds-2301-S-Lake-Shore-Dr- IL-60616", "DetectionPhase:Design"], "State": "closed", "Author": "JFA19SCM87Y"}
{"issue_number": 384, "created_at": "2019-11-07", "closed_at": null, "labels": ["Category:Inquiry", "DetectionPhase:Field", "OriginationPhase:Coding", "Priority:Medium", "Status:pendingReview"], "State": "open", "Author": "NFA19SCM48M"}
{"issue_number": 382, "created_at": "2019-11-07", "closed_at": "2019-11-07", "labels": ["Category:Inquiry", "DetectionPhase:Field", "OriginationPhase:Documentation", "Priority:High", "Status:inProgress"], "State": "closed", "Author": "KFA19SCM32P"}
{"issue_number": 380, "created_at": "2019-11-07", "closed_at": null, "labels": ["Category:Inquiry", "DetectionPhase:Field", "OriginationPhase:Coding", "OriginationPhase:Documentation", "OriginationPhase:Field", "OriginationPhase:Testing", "Priority:High", "Priority:Low", "Priority:Medium", "Status:inProgress", "Status:pendingReview"], "State": "open", "Author": "VFA19SCM90K"}
{"issue_number": 379, "created_at": "2019-11-07", "closed_at": null, "labels": ["Category:Enhancement", "DetectionPhase:Testing", "OriginationPhase:Design", "Priority:Major", "Status:Rejected"], "State": "open", "Author": "NFA19SCM11P"}
{"issue_number": 378, "created_at": "2019-11-07", "closed_at": "2019-11-07", "labels": ["Category:Inquiry", "DetectionPhase:Field", "OriginationPhase:Coding", "Priority:Low", "Status:inProgress"], "State": "closed", "Author": "AFA19SCM64D"}
{"issue_number": 373, "created_at": "2019-11-07", "closed_at": "2019-11-08", "labels": ["Category:Enhancement", "DetectionPhase:Testing", "OriginationPhase:Design", "Priority:Critical", "Status:Completed"], "State": "closed", "Author": "SFA19SCM65M"}
{"issue_number": 372, "created_at": "2019-11-07", "closed_at": "2019-11-07", "labels": ["Category:Inquiry", "DetectionPhase:Field", "OriginationPhase:Coding", "Priority:High", "Status:inProgress"], "State": "closed", "Author": "NFA19SCM24W"}
{"issue_number": 371, "created_at": "2019-11-07", "closed_at": "2019-11-07", "labels": ["Category:Enhancement", "DetectionPhase:Testing", "OriginationPhase:Requirements", "Priority:Major", "Status:Approved"], "State": "closed", "Author": "GFA19SCM93K"}
{"issue_number": 369, "created_at": "2019-11-07", "closed_at": "2019-11-07", "labels": ["Category:Inquiry", "DetectionPhase:Field", "OriginationPhase:Coding", "Priority:High", "Status:inProgress"], "State": "closed", "Author": "AFA19SCM20K"}
{"issue_number": 368, "created_at": "2019-11-07", "closed_at": "2019-11-07", "labels": ["Category:Enhancement", "DetectionPhase:Testing", "OriginationPhase:Design", "Priority:Critical", "Status:Approved"], "State": "closed", "Author": "CFA19SCM01K"}
{"issue_number": 365, "created_at": "2019-11-07", "closed_at": "2019-11-07", "labels": ["Category:Inquiry", "DetectionPhase:Field", "OriginationPhase:Coding", "Priority:High", "Status:pendingReview"], "State": "closed", "Author": "SFA19SCM32S"}
{"issue_number": 364, "created_at": "2019-11-07", "closed_at": "2019-11-07", "labels": ["Category:Enhancement", "DetectionPhase:Testing", "OriginationPhase:Requirements", "Priority:Critical", "Status:Approved"], "State": "closed", "Author": "CFA19SCM01K"}
{"issue_number": 363, "created_at": "2019-11-07", "closed_at": "2019-11-07", "labels": ["Category:Inquiry", "DetectionPhase:Field", "OriginationPhase:Coding", "Priority:Low", "Status:pendingReview"], "State": "closed", "Author": "PFA19SCM60R"}
{"issue_number": 362, "created_at": "2019-11-07", "closed_at": "2019-11-07", "labels": ["Category:Inquiry", "DetectionPhase:Field", "OriginationPhase:Coding", "Priority:High", "Status:inProgress"], "State": "closed", "Author": "MFA19SCM76K"}
{"issue_number": 361, "created_at": "2019-11-07", "closed_at": null, "labels": ["Category:Inquiry", "DetectionPhase:Field", "OriginationPhase:Coding", "Priority:Low", "Status:pendingReview"], "State": "open", "Author": "TFA19SCM98A"}
{"issue_number": 359, "created_at": "2019-11-07", "closed_at": "2019-11-07", "labels": ["Category:Inquiry", "DetectionPhase:Field", "OriginationPhase:Coding", "Priority:High", "Status:pendingReview"], "State": "closed", "Author": "RFA19SCM98L"}
{"issue_number": 356, "created_at": "2019-11-07", "closed_at": "2019-11-07", "labels": ["Category:Enhancement", "DetectionPhase:Testing", "OriginationPhase:Requirements", "Priority:Major", "Status:Approved"], "State": "closed", "Author": "KFA19SCM81G"}
{"issue_number": 355, "created_at": "2019-11-07", "closed_at": null, "labels": [], "State": "open", "Author": "SFA19SCM58Z"}
{"issue_number": 354, "created_at": "2019-11-07", "closed_at": "2019-11-08", "labels": ["Address:556-E-El-Camino-Real-Sunnyvale-CA-94086", "Category:Bug", "DetectionPhase:Design", "OriginationPhase:Requirements", "Priority:Medium", "Status:inProgress"], "State": "closed", "Author": "JFA19SCM67L"}
{"issue_number": 353, "created_at": "2019-11-07", "closed_at": "2019-11-07", "labels": [], "State": "closed", "Author": "JFA19SCM87Y"}
{"issue_number": 352, "created_at": "2019-11-07", "closed_at": "2019-11-07", "labels": [], "State": "closed", "Author": "JFA19SCM87Y"}
{"issue_number": 350, "created_at": "2019-11-07", "closed_at": "2019-11-07", "labels": ["Category:Inquiry", "DetectionPhase:Field", "OriginationPhase:Coding", "Priority:High", "Status:inProgress"], "State": "closed", "Author": "TFA19SCM98S"}
{"issue_number": 349, "created_at": "2019-11-07", "closed_at": "2019-11-07", "labels": ["Category:Inquiry", "DetectionPhase:Field", "OriginationPhase:Coding", "Priority:High", "Status:inProgress"], "State": "closed", "Author": "SFA19SCM44S"}
{"issue_number": 346, "created_at": "2019-11-07", "closed_at": "2019-11-07", "labels": ["Category:Inquiry", "DetectionPhase:Field", "OriginationPhase:Coding", "Priority:High", "Status:inProgress"], "State": "closed", "Author": "hariharanshankar1"}
{"issue_number": 345, "created_at": "2019-11-07", "closed_at": "2019-11-07", "labels": ["Category:Enhancement", "DetectionPhase:Testing", "OriginationPhase:Design", "Priority:Critical", "Status:Rejected"], "State": "closed", "Author": "JFA19SCM35L"}
{"issue_number": 341, "created_at": "2019-11-07", "closed_at": null, "labels": ["Category:Enhancement", "DetectionPhase:Testing", "OriginationPhase:Requirements", "Priority:Major", "Status:Completed"], "State": "open", "Author": "AFA19SCM39G"}
{"issue_number": 338, "created_at": "2019-11-07", "closed_at": "2019-11-07", "labels": ["Category:Bug", "DetectionPhase:Testing", "OriginationPhase:Design", "Priority:Critical", "Status:Approved"], "State": "closed", "Author": "DFA19SCM15W"}
{"issue_number": 337, "created_at": "2019-11-07", "closed_at": "2019-11-07", "labels": ["Category:Inquiry", "DetectionPhase:Field", "OriginationPhase:Coding", "Priority:Low", "Status:inProgress"], "State": "closed", "Author": "HFA19SCM64N"}
{"issue_number": 336, "created_at": "2019-11-07", "closed_at": "2019-11-10", "labels": ["Category:Enhancement", "DetectionPhase:Testing", "OriginationPhase:Requirements", "Priority:Medium", "Status:inProgress"], "State": "closed", "Author": "SPM587FA19"}
{"issue_number": 335, "created_at": "2019-11-07", "closed_at": "2019-11-10", "labels": ["Category:Bug", "DetectionPhase:Design", "OriginationPhase:Design", "Priority:High", "Status:Rejected"], "State": "closed", "Author": "SPM587FA19"}
{"issue_number": 334, "created_at": "2019-11-07", "closed_at": "2019-11-10", "labels": ["Category:Bug", "DetectionPhase:Field", "OriginationPhase:Design", "Priority:Medium", "Status:Completed"], "State": "closed", "Author": "SPM587FA19"}
{"issue_number": 333, "created_at": "2019-11-07", "closed_at": "2019-11-10", "labels": ["Category:Inquiry", "DetectionPhase:Field", "OriginationPhase:Testing", "Priority:Medium", "Status:pendingReview"], "State": "closed", "Author": "SPM587FA19"}
{"issue_number": 332, "created_at": "2019-11-07", "closed_at": "2019-11-10", "labels": ["Category:Enhancement", "DetectionPhase:Design", "OriginationPhase:Coding", "Priority:Critical", "Status:inProgress"], "State": "closed", "Author": "SPM587FA19"}
{"issue_number": 331, "created_at": "2019-11-07", "closed_at": "2019-11-10", "labels": ["Category:Enhancement", "DetectionPhase:Field", "OriginationPhase:Documentation", "Priority:High", "Status:Completed"], "State": "closed", "Author": "SPM587FA19"}
{"issue_number": 330, "created_at": "2019-11-07", "closed_at": "2019-11-10", "labels": ["Category:Bug", "DetectionPhase:Design", "OriginationPhase:Testing", "Priority:Major", "Status:Approved"], "State": "closed", "Author": "SPM587FA19"}
{"issue_number": 329, "created_at": "2019-11-07", "closed_at": "2019-11-10", "labels": ["Category:Inquiry", "DetectionPhase:Coding", "OriginationPhase:Coding", "Priority:Major", "Status:Approved"], "State": "closed", "Author": "SPM587FA19"}
{"issue_number": 328, "created_at": "2019-11-07", "closed_at": "2019-11-10", "labels": ["Category:Bug", "DetectionPhase:Testing", "OriginationPhase:Documentation", "Priority:High", "Status:Rejected"], "State": "closed", "Author": "SPM587FA19"}
{"issue_number": 327, "created_at": "2019-11-07", "closed_at": "2019-11-10", "labels": ["Category:Enhancement", "DetectionPhase:Field", "OriginationPhase:Documentation", "Priority:Critical", "Status:inProgress"], "State": "closed", "Author": "SPM587FA19"}
{"issue_number": 323, "created_at": "2019-11-07", "closed_at": "2019-11-07", "labels": ["Category:Bug", "DetectionPhase:Testing", "OriginationPhase:Requirements", "Priority:Major", "Status:Rejected"], "State": "closed", "Author": "NFA19SCM15S"}
{"issue_number": 321, "created_at": "2019-11-07", "closed_at": null, "labels": ["Address:75-New York Ave NE-Washington-DC20002", "Priority:Major", "Status:Approved", "Status:Rejected", "Status:pendingReview"], "State": "open", "Author": "SFA19SCM58Z"}
{"issue_number": 320, "created_at": "2019-11-07", "closed_at": "2019-11-07", "labels": ["Category:Inquiry", "DetectionPhase:Field", "OriginationPhase:Field", "Priority:Medium", "Status:pendingReview"], "State": "closed", "Author": "UFA19SCM32S"}
{"issue_number": 319, "created_at": "2019-11-07", "closed_at": "2019-11-07", "labels": ["Category:Inquiry", "DetectionPhase:Field", "OriginationPhase:Testing", "Priority:High", "Status:inProgress"], "State": "closed", "Author": "VFA19SCM04B"}
{"issue_number": 318, "created_at": "2019-11-07", "closed_at": "2019-11-07", "labels": ["Category:Bug", "DetectionPhase:Testing", "OriginationPhase:Requirements", "Priority:Critical", "Status:Approved"], "State": "closed", "Author": "JFA19SCM91P"}
{"issue_number": 317, "created_at": "2019-11-07", "closed_at": "2019-11-07", "labels": ["Category:Inquiry", "DetectionPhase:Field", "OriginationPhase:Field", "Priority:Medium", "Status:pendingReview"], "State": "closed", "Author": "TFA19SCM98A"}
{"issue_number": 316, "created_at": "2019-11-06", "closed_at": "2019-11-07", "labels": ["Category:Inquiry", "DetectionPhase:Field", "OriginationPhase:Documentation", "Priority:High", "Status:inProgress"], "State": "closed", "Author": "QFA19SCM78S"}
{"issue_number": 312, "created_at": "2019-11-06", "closed_at": "2019-11-07", "labels": ["Category:Enhancement", "DetectionPhase:Testing", "OriginationPhase:Requirements", "Priority:Critical", "Status:Approved"], "State": "closed", "Author": "VFA19SCM89K"}
{"issue_number": 311, "created_at": "2019-11-06", "closed_at": "2019-11-07", "labels": ["Category:Bug", "DetectionPhase:Testing", "OriginationPhase:Requirements", "Priority:Critical", "Status:Approved"], "State": "closed", "Author": "CFA19SCM43K"}
{"issue_number": 309, "created_at": "2019-11-06", "closed_at": "2019-11-06", "labels": ["Category:Inquiry", "DetectionPhase:Field", "OriginationPhase:Coding", "Priority:High", "Status:pendingReview"], "State": "closed", "Author": "LFA19SCM92S"}
{"issue_number": 303, "created_at": "2019-11-06", "closed_at": "2019-11-06", "labels": ["Category:Inquiry", "DetectionPhase:Field", "OriginationPhase:Coding", "Priority:Low", "Status:inProgress"], "State": "closed", "Author": "ZFA19SCM66L"}
{"issue_number": 301, "created_at": "2019-11-06", "closed_at": "2019-11-06", "labels": ["Category:Inquiry", "DetectionPhase:Field", "OriginationPhase:Coding", "Priority:High", "Status:pendingReview"], "State": "closed", "Author": "LFA19SCM90J"}
{"issue_number": 300, "created_at": "2019-11-06", "closed_at": "2019-11-07", "labels": ["Category:Inquiry", "DetectionPhase:Field", "OriginationPhase:Coding", "Priority:High", "Status:Approved"], "State": "closed", "Author": "SFA19SCM10P"}
{"issue_number": 299, "created_at": "2019-11-06", "closed_at": "2019-11-06", "labels": ["Category:Enhancement", "DetectionPhase:Testing", "OriginationPhase:Design", "Priority:Critical", "Status:Approved"], "State": "closed", "Author": "AFA19SCM57A"}
{"issue_number": 298, "created_at": "2019-11-06", "closed_at": "2019-11-06", "labels": [], "State": "closed", "Author": "SFA19SCM58Z"}
{"issue_number": 297, "created_at": "2019-11-06", "closed_at": null, "labels": ["Address:2635-N-Clark-St-Chicago-IL-60614", "Category:Bug", "DetectionPhase:Design", "OriginationPhase:Requirements", "Priority:Medium", "Status:pendingReview"], "State": "open", "Author": "SFA19SCM58Z"}
{"issue_number": 294, "created_at": "2019-11-06", "closed_at": "2019-11-06", "labels": ["Category:Bug", "DetectionPhase:Testing", "OriginationPhase:Design", "Priority:Critical", "Status:Approved"], "State": "closed", "Author": "JFA19SCM01S"}
{"issue_number": 292, "created_at": "2019-11-06", "closed_at": "2019-11-06", "labels": ["Category:Inquiry", "DetectionPhase:Field", "OriginationPhase:Coding", "Priority:High", "Status:inProgress"], "State": "closed", "Author": "QFA19SCM57M"}
{"issue_number": 289, "created_at": "2019-11-06", "closed_at": "2019-11-08", "labels": ["Category:Enhancement", "DetectionPhase:Testing", "OriginationPhase:Design", "Priority:Major", "Status:Approved"], "State": "closed", "Author": "MFA19SCM31H"}
{"issue_number": 287, "created_at": "2019-11-06", "closed_at": "2019-11-06", "labels": ["Category:Enhancement", "DetectionPhase:Testing", "OriginationPhase:Design", "Priority:Major", "Status:Completed"], "State": "closed", "Author": "RFA19SCM45R"}
{"issue_number": 286, "created_at": "2019-11-06", "closed_at": "2019-11-06", "labels": ["Category:Bug", "DetectionPhase:Testing", "OriginationPhase:Requirements", "Priority:Critical", "Status:Completed"], "State": "closed", "Author": "MFA19SCM87H"}
{"issue_number": 284, "created_at": "2019-11-06", "closed_at": "2019-11-06", "labels": ["Category:Inquiry", "DetectionPhase:Field", "OriginationPhase:Testing", "Priority:Low", "Status:inProgress"], "State": "closed", "Author": "YFA19SCM50H"}
{"issue_number": 282, "created_at": "2019-11-06", "closed_at": "2019-11-06", "labels": ["Category:Inquiry", "DetectionPhase:Field", "OriginationPhase:Coding", "Priority:High", "Status:pendingReview"], "State": "closed", "Author": "MFA19SCM12K"}
{"issue_number": 281, "created_at": "2019-11-06", "closed_at": "2019-11-06", "labels": ["Category:Enhancement", "DetectionPhase:Testing", "OriginationPhase:Requirements", "Priority:Critical", "Status:Approved"], "State": "closed", "Author": "HFA19SCM23R"}
{"issue_number": 280, "created_at": "2019-11-06", "closed_at": "2019-11-06", "labels": ["Category:Inquiry", "DetectionPhase:Field", "OriginationPhase:Coding", "Priority:High", "Status:inProgress"], "State": "closed", "Author": "SFA19SCM88A"}
{"issue_number": 279, "created_at": "2019-11-06", "closed_at": "2019-11-07", "labels": ["Category:Inquiry", "DetectionPhase:Field", "OriginationPhase:Coding", "Priority:Medium", "Status:pendingReview"], "State": "closed", "Author": "varockiasamy"}
{"issue_number": 278, "created_at": "2019-11-06", "closed_at": "2019-11-06", "labels": ["Category:Inquiry", "DetectionPhase:Field", "OriginationPhase:Coding", "Priority:High", "Status:inProgress"], "State": "closed", "Author": "SFA19SCM88A"}
{"issue_number": 277, "created_at": "2019-11-06", "closed_at": "2019-11-07", "labels": ["Category:Bug", "DetectionPhase:Testing", "OriginationPhase:Design", "Priority:Critical", "Status:Approved"], "State": "closed", "Author": "BFA19SCM41Z"}
{"issue_number": 275, "created_at": "2019-11-06", "closed_at": "2019-11-06", "labels": ["Category:Enhancement", "DetectionPhase:Testing", "OriginationPhase:Requirements", "Priority:Critical", "Status:Approved"], "State": "closed", "Author": "BFA19SCM13K"}
{"issue_number": 273, "created_at": "2019-11-05", "closed_at": null, "labels": ["Category:Bug", "DetectionPhase:Testing", "OriginationPhase:Requirements", "Priority:Critical", "Status:Approved"], "State": "open", "Author": "BFA19SCM53A"}
{"issue_number": 270, "created_at": "2019-11-05", "closed_at": "2019-11-05", "labels": ["Category:Inquiry", "DetectionPhase:Field", "OriginationPhase:Coding", "Priority:High", "Status:inProgress"], "State": "closed", "Author": "YFA19SCM22L"}
{"issue_number": 269, "created_at": "2019-11-05", "closed_at": "2019-11-05", "labels": ["Category:Inquiry", "DetectionPhase:Field", "OriginationPhase:Coding", "Priority:Low", "Status:inProgress"], "State": "closed", "Author": "RFA19SCM30J"}
{"issue_number": 267, "created_at": "2019-11-05", "closed_at": "2019-11-05", "labels": ["Category:Inquiry", "DetectionPhase:Field", "OriginationPhase:Coding", "Priority:Medium", "Status:pendingReview"], "State": "closed", "Author": "VFA19SCM88G"}
{"issue_number": 266, "created_at": "2019-11-05", "closed_at": "2019-11-07", "labels": ["Category:Enhancement", "DetectionPhase:Testing", "OriginationPhase:Requirements", "Priority:Major", "Status:Approved"], "State": "closed", "Author": "SFA19SCM07S"}
{"issue_number": 264, "created_at": "2019-11-05", "closed_at": "2019-11-05", "labels": ["Category:Inquiry", "DetectionPhase:Field", "OriginationPhase:Documentation", "Priority:Medium", "Status:pendingReview"], "State": "closed", "Author": "CFA19SCM06L"}
{"issue_number": 263, "created_at": "2019-11-05", "closed_at": "2019-11-07", "labels": ["Category:Inquiry", "DetectionPhase:Field", "OriginationPhase:Coding", "Priority:High", "Status:inProgress"], "State": "closed", "Author": "MFA19SCM94G"}
{"issue_number": 261, "created_at": "2019-11-05", "closed_at": "2019-11-05", "labels": ["Category:Bug", "DetectionPhase:Testing", "OriginationPhase:Design", "Priority:Critical", "Status:Completed"], "State": "closed", "Author": "CFA19SCM95L"}
{"issue_number": 259, "created_at": "2019-11-05", "closed_at": "2019-11-05", "labels": ["Category:Inquiry", "DetectionPhase:Field", "OriginationPhase:Coding", "OriginationPhase:Documentation", "OriginationPhase:Field", "OriginationPhase:Testing", "Priority:High", "Priority:Low", "Priority:Medium", "Status:inProgress", "Status:pendingReview"], "State": "closed", "Author": "RFA19SCM52A"}
{"issue_number": 258, "created_at": "2019-11-05", "closed_at": "2019-11-08", "labels": ["Category:Bug", "DetectionPhase:Testing", "OriginationPhase:Requirements", "Priority:Critical", "Status:Approved"], "State": "closed", "Author": "PFA19SCM29Z"}
{"issue_number": 256, "created_at": "2019-11-05", "closed_at": null, "labels": ["Address:McDonalds-2301-S-Lake-Shore-Dr- IL-60616", "Category:Bug", "DetectionPhase:Design", "OriginationPhase:Design", "Priority:Critical", "Status:inProgress"], "State": "open", "Author": "SFA19SCM67T"}
{"issue_number": 252, "created_at": "2019-11-05", "closed_at": null, "labels": ["Address:McDonalds-2301-S-Lake-Shore-Dr- IL-60616", "Category:Bug", "DetectionPhase:Design", "OriginationPhase:Design", "Priority:Critical", "Status:pendingReview"], "State": "open", "Author": "AFA19SCM64D"}
{"issue_number": 251, "created_at": "2019-11-05", "closed_at": "2019-11-05", "labels": ["Address:McDonalds-2301-S-Lake-Shore-Dr- IL-60616", "Category:Bug", "DetectionPhase:Design", "Latitude:41.851200", "Longitude:-87.617770", "OriginationPhase:Requirements", "Priority:Critical", "Status:inProgress"], "State": "closed", "Author": "TFA19SCM98A"}
{"issue_number": 249, "created_at": "2019-11-05", "closed_at": null, "labels": ["Address:McDonalds-2301-S-Lake-Shore-Dr- IL-60616", "Category:Bug", "DetectionPhase:Design", "Latitude:41.851200", "Longitude:-87.617770", "OriginationPhase:Design", "Priority:Critical", "Status:Approved"], "State": "open", "Author": "SFA19SCM89C"}
{"issue_number": 248, "created_at": "2019-11-05", "closed_at": "2019-11-05", "labels": ["Address:2525-SMLKingDr-Chicago-IL-60616", "Category:Bug", "DetectionPhase:Design", "Latitude:41.847198", "Longitude:-87.617188", "OriginationPhase:Design", "Priority:Critical", "Status:Approved"], "State": "closed", "Author": "AFA19SCM20K"}
{"issue_number": 244, "created_at": "2019-11-05", "closed_at": "2019-11-05", "labels": ["Address:McDonalds-2301-S-Lake-Shore-Dr- IL-60616", "Category:Bug", "DetectionPhase:Design", "OriginationPhase:Design", "Priority:Medium", "Status:Approved"], "State": "closed", "Author": "GFA19SCM93K"}
{"issue_number": 243, "created_at": "2019-11-05", "closed_at": null, "labels": ["Address:McDonalds-2301-S-Lake-Shore-Dr- IL-60616", "Category:Bug", "DetectionPhase:Coding", "Latitude:41.851200", "Longitude:-87.617767", "OriginationPhase:Design", "Priority:Medium", "Status:inProgress"], "State": "open", "Author": "NFA19SCM88P"}
{"issue_number": 237, "created_at": "2019-11-05", "closed_at": "2019-11-05", "labels": ["Address:McDonalds-2301-S-Lake-Shore-Dr- IL-60616", "Category:Bug", "DetectionPhase:Design", "Latitude:41.851200", "Longitude:-87.617770", "OriginationPhase:Requirements", "Priority:Critical", "Status:Approved"], "State": "closed", "Author": "CFA19SCM01K"}
{"issue_number": 236, "created_at": "2019-11-05", "closed_at": "2019-11-08", "labels": ["Address:3020 S Halsted St-Chicago-IL-60608", "Category:Bug", "DetectionPhase:Design", "Latitude:41.838980", "Longitude:-87.646900", "OriginationPhase:Requirements", "Priority:Medium", "Status:pendingReview"], "State": "closed", "Author": "NFA19SCM48M"}
{"issue_number": 235, "created_at": "2019-11-05", "closed_at": "2019-11-05", "labels": ["Address:3020-S-Halsted St-Chicago-IL-60608", "Category:Bug", "DetectionPhase:Design", "Latitude:N 41\u00b0 50.8353", "Longitude:87\u00b0 38' 47.445", "OriginationPhase:Requirements", "Priority:Medium", "Status:pendingReview"], "State": "closed", "Author": "BFA19SCM53A"}
{"issue_number": 234, "created_at": "2019-11-05", "closed_at": "2019-11-05", "labels": ["Address:3020-S-Halsted St-Chicago-IL-60608", "Category:Bug", "DetectionPhase:Design", "OriginationPhase:Requirements", "Priority:Critical", "Status:Approved"], "State": "closed", "Author": "HFA19SCM23R"}
{"issue_number": 233, "created_at": "2019-11-05", "closed_at": null, "labels": ["Address:McDonalds-2301-S-Lake-Shore-Dr- IL-60616", "Category:Bug", "DetectionPhase:Design", "Latitude:41.851200", "Longitude:-87.617767", "OriginationPhase:Design", "Priority:Medium", "Status:pendingReview"], "State": "open", "Author": "KFA19SCM86P"}
{"issue_number": 231, "created_at": "2019-11-05", "closed_at": "2019-11-05", "labels": ["Address:119 N Wabash Ave-Chicago-IL 60602", "Category:Bug", "DetectionPhase:Design", "Latitude:41.883678", "Longitude:-87.625832", "OriginationPhase:Design", "Priority:Medium", "Status:pendingReview"], "State": "closed", "Author": "HFA19SCM64N"}
{"issue_number": 228, "created_at": "2019-11-05", "closed_at": null, "labels": ["Address:2525-S-Martin-Luther-King-Dr-IL-60616", "Category:Bug", "DetectionPhase:Design", "Latitude:41.847200", "Longitude:-87.617190", "OriginationPhase:Requirements", "Priority:Medium", "Status:Approved"], "State": "open", "Author": "PFA19SCM60R"}
{"issue_number": 227, "created_at": "2019-11-05", "closed_at": "2019-11-05", "labels": ["Address:3020-S Halsted St-Chicago-IL 60608", "Category:Bug", "DetectionPhase:Design", "Latitude:41.838982", "Longitude:-87.646896", "OriginationPhase:Design", "Priority:Medium", "Status:pendingReview"], "State": "closed", "Author": "poojaurs01"}
{"issue_number": 226, "created_at": "2019-11-04", "closed_at": "2019-11-05", "labels": ["Address:McDonalds-2301-S-Lake-Shore-Dr- IL-60616", "Category:Bug", "DetectionPhase:Design", "Latitude:41.851200", "Longitude:-87.617767", "OriginationPhase:Requirements", "Priority:Medium", "Status:pendingReview"], "State": "closed", "Author": "NFA19SCM15S"}
{"issue_number": 220, "created_at": "2019-11-04", "closed_at": "2019-11-05", "labels": [], "State": "closed", "Author": "HFA19SCM64N"}
{"issue_number": 219, "created_at": "2019-11-04", "closed_at": "2019-11-05", "labels": ["Address:2301 S Lake Shore Drive-Illinois 60616", "Category:Bug", "DetectionPhase:Design", "Latitude:41.851868", "Longitude:-87.616385", "OriginationPhase:Design", "OriginationPhase:Requirements", "Priority:Critical", "Priority:Medium", "Status:Approved", "Status:inProgress", "Status:pendingReview"], "State": "closed", "Author": "VFA19SCM90K"}
{"issue_number": 218, "created_at": "2019-11-04", "closed_at": "2019-11-04", "labels": [], "State": "closed", "Author": "HFA19SCM64N"}
{"issue_number": 217, "created_at": "2019-11-04", "closed_at": "2019-11-05", "labels": [], "State": "closed", "Author": "AFA19SCM20K"}
{"issue_number": 216, "created_at": "2019-11-04", "closed_at": "2019-11-05", "labels": [], "State": "closed", "Author": "AFA19SCM20K"}
{"issue_number": 215, "created_at": "2019-11-04", "closed_at": "2019-11-04", "labels": [], "State": "closed", "Author": "CFA19SCM01K"}
{"issue_number": 214, "created_at": "2019-11-04", "closed_at": "2019-11-05", "labels": ["Address:McDonalds-2301-S-Lake-Shore-Dr- IL-60616", "Category:Bug", "DetectionPhase:Design", "Latitude:41.849977", "Longitude:-87.615884", "OriginationPhase:Requirements", "Priority:Medium", "Status:pendingReview"], "State": "closed", "Author": "SFA19SCM92T"}
{"issue_number": 208, "created_at": "2019-11-04", "closed_at": "2019-11-04", "labels": ["Address:3020 S Halsted St-Chicago-IL-60608", "Category:Bug", "DetectionPhase:Design", "Latitude:41.849170", "Longitude:-87.646410", "OriginationPhase:Design", "OriginationPhase:Requirements", "Priority:Critical", "Priority:Medium", "Status:Approved", "Status:inProgress", "Status:pendingReview"], "State": "closed", "Author": "RFA19SCM52A"}
{"issue_number": 207, "created_at": "2019-11-04", "closed_at": "2019-11-05", "labels": ["Address:2301 S Lake Shore Drive-Illinois 60616", "Category:Bug", "DetectionPhase:Design", "Latitude:41.851200", "Longitude:-87.617770", "OriginationPhase:Requirements", "Priority:Medium", "Status:inProgress"], "State": "closed", "Author": "TFA19SCM98A"}
{"issue_number": 206, "created_at": "2019-11-04", "closed_at": "2019-11-04", "labels": ["Address:McDonalds-2301-S-Lake-Shore-Dr- IL-60616", "Category:Bug", "DetectionPhase:Design", "Latitude:41.851200", "Longitude:-87.617767", "OriginationPhase:Requirements", "Priority:Medium", "Status:inProgress"], "State": "closed", "Author": "CFA19SCM43K"}
{"issue_number": 205, "created_at": "2019-11-04", "closed_at": "2019-11-04", "labels": ["Address:4550-N-Cumberland-Ave-Chicago-IL-60656", "Category:Bug", "DetectionPhase:Design", "Latitude:41.962480", "Longitude:-87.837150", "OriginationPhase:Design", "Priority:Critical", "Status:inProgress"], "State": "closed", "Author": "SFA19SCM65M"}
{"issue_number": 204, "created_at": "2019-11-04", "closed_at": "2019-11-04", "labels": [], "State": "closed", "Author": "CFA19SCM43K"}
{"issue_number": 203, "created_at": "2019-11-04", "closed_at": "2019-11-04", "labels": [], "State": "closed", "Author": "RFA19SCM52A"}
{"issue_number": 201, "created_at": "2019-11-04", "closed_at": "2019-11-04", "labels": ["Address:McDonalds-2301-S-Lake-Shore-Dr- IL-60616", "Category:Bug", "DetectionPhase:Design", "Latitude:41.851200", "Longitude:-87.617770", "OriginationPhase:Requirements", "Priority:Critical", "Status:Approved"], "State": "closed", "Author": "RFA19SCM98L"}
{"issue_number": 197, "created_at": "2019-11-04", "closed_at": "2019-11-04", "labels": ["Address:McDonalds-2301-S-Lake-Shore-Dr- IL-60616", "Category:Bug", "DetectionPhase:Design", "OriginationPhase:Requirements", "Priority:Medium", "Status:pendingReview"], "State": "closed", "Author": "AFA19SCM57A"}
{"issue_number": 196, "created_at": "2019-11-04", "closed_at": "2019-11-04", "labels": ["Address:McDonalds-2301-S-Lake-Shore-Dr- IL-60616", "Category:Bug", "DetectionPhase:Design", "OriginationPhase:Design", "Priority:Medium", "Status:inProgress"], "State": "closed", "Author": "VFA19SCM94N"}
{"issue_number": 191, "created_at": "2019-11-04", "closed_at": "2019-11-04", "labels": ["Address:225-S-Canal-Street-Chicago-IL-60606", "Category:Bug", "DetectionPhase:Design", "Latitude:41.878681", "Longitude:-87.640129", "OriginationPhase:Requirements", "Priority:Medium", "Status:pendingReview"], "State": "closed", "Author": "KFA19SCM81G"}
{"issue_number": 188, "created_at": "2019-11-04", "closed_at": null, "labels": ["Address:3020-S-Halsted-St-Chicago-IL-60608", "Category:Bug", "DetectionPhase:Design", "OriginationPhase:Requirements", "Priority:Critical", "Status:Approved"], "State": "open", "Author": "JFA19SCM01S"}
{"issue_number": 185, "created_at": "2019-11-04", "closed_at": "2019-11-04", "labels": ["Address:225-S-Canal-Street-Chicago-IL-60606", "Category:Bug", "DetectionPhase:Design", "Latitude:41.871310", "Longitude:-87.639410", "OriginationPhase:Design", "Priority:Medium", "Status:Approved"], "State": "closed", "Author": "JFA19SCM91P"}
{"issue_number": 183, "created_at": "2019-11-04", "closed_at": "2019-11-04", "labels": ["Address:233-W-Jackson-Chicago-IL-60606", "Category:Bug", "DetectionPhase:Design", "Latitude:39.523570", "Longitude:-85.782710", "OriginationPhase:Design", "Priority:Medium", "Status:Approved"], "State": "closed", "Author": "VFA19SCM04B"}
{"issue_number": 180, "created_at": "2019-11-04", "closed_at": "2019-11-04", "labels": ["Address:75-New York Ave NE-Washington-DC20002", "Category:Bug", "DetectionPhase:Design", "OriginationPhase:Requirements", "Priority:Medium", "Status:pendingReview"], "State": "closed", "Author": "QFA19SCM57M"}
{"issue_number": 179, "created_at": "2019-11-04", "closed_at": null, "labels": [], "State": "open", "Author": "QFA19SCM57M"}
{"issue_number": 178, "created_at": "2019-11-04", "closed_at": "2019-11-04", "labels": ["Address:4550-N-Cumberland-Ave-Chicago-IL-60656", "Category:Bug", "DetectionPhase:Design", "Latitude:41.962480", "Longitude:-87.837150", "OriginationPhase:Design", "Priority:Medium", "Status:inProgress"], "State": "closed", "Author": "CFA19SCM06L"}
{"issue_number": 177, "created_at": "2019-11-04", "closed_at": "2019-11-04", "labels": ["Address:McDonalds-2301-S-Lake-Shore-Dr- IL-60616", "Category:Bug", "DetectionPhase:Design", "OriginationPhase:Requirements", "Priority:Medium", "Status:Approved"], "State": "closed", "Author": "MFA19SCM87H"}
{"issue_number": 175, "created_at": "2019-11-04", "closed_at": "2019-11-05", "labels": ["Address:McDonalds-2301-S-Lake-Shore-Dr- IL-60616", "Category:Bug", "DetectionPhase:Design", "Latitude:41.851200", "Longitude:-87.617770", "OriginationPhase:Requirements", "Priority:Medium", "Status:pendingReview"], "State": "closed", "Author": "TFA19SCM98S"}
{"issue_number": 174, "created_at": "2019-11-04", "closed_at": "2019-11-05", "labels": ["Address:McDonalds-2301-S-Lake-Shore-Dr- IL-60616", "Category:Bug", "DetectionPhase:Design", "Latitude:41.851200", "Longitude:-87.617770", "OriginationPhase:Requirements", "Priority:Medium", "Status:pendingReview"], "State": "closed", "Author": "SFA19SCM44S"}
{"issue_number": 173, "created_at": "2019-11-04", "closed_at": "2019-11-04", "labels": ["Address:111-W-Jackson-Blvd-Chicago-IL-60604", "Category:Bug", "DetectionPhase:Design", "Latitude:41.878050", "Longitude:-87.631210", "OriginationPhase:Requirements", "Priority:Medium", "Status:Approved"], "State": "closed", "Author": "LFA19SCM90J"}
{"issue_number": 169, "created_at": "2019-11-04", "closed_at": "2019-11-04", "labels": ["Address:3020-S-Halsted-St-Chicago-IL-60608", "Category:Bug", "DetectionPhase:Design", "Latitude:41.838982", "Longitude:-87.646896", "OriginationPhase:Design", "Priority:Medium", "Status:pendingReview"], "State": "closed", "Author": "ZFA19SCM87X"}
{"issue_number": 166, "created_at": "2019-11-04", "closed_at": "2019-11-04", "labels": ["Address:McDonalds-2301-S-Lake-Shore-Dr- IL-60616", "Category:Bug", "DetectionPhase:Design", "OriginationPhase:Design", "Priority:Critical", "Status:inProgress"], "State": "closed", "Author": "hariharanshankar1"}
{"issue_number": 162, "created_at": "2019-11-04", "closed_at": "2019-11-04", "labels": ["Address:3020-S-Halsted-St-Chicago-IL-60608", "Category:Bug", "DetectionPhase:Design", "Latitude:41.838982", "Longitude:-87.646896", "OriginationPhase:Design", "Priority:Critical", "Status:Approved"], "State": "closed", "Author": "YFA19SCM50H"}
{"issue_number": 160, "created_at": "2019-11-04", "closed_at": "2019-11-04", "labels": ["Address:2525-S-Martin-Luther-King-Dr-IL-60616", "Category:Bug", "DetectionPhase:Design", "Latitude:41.847198", "Longitude:-87.617188", "OriginationPhase:Requirements", "Priority:Medium", "Status:inProgress"], "State": "closed", "Author": "KFA19SCM32P"}
{"issue_number": 159, "created_at": "2019-11-03", "closed_at": "2019-11-04", "labels": ["Address:McDonalds-2301-S-Lake-Shore-Dr- IL-60616", "Category:Bug", "DetectionPhase:Design", "Latitude:41.851200", "Longitude:-87.617767", "OriginationPhase:Design", "Priority:Medium", "Status:Approved"], "State": "closed", "Author": "RFA19SCM30J"}
{"issue_number": 158, "created_at": "2019-11-03", "closed_at": "2019-11-04", "labels": ["Address:2525-S-Martin-Luther-King-Dr-IL-60616", "Category:Bug", "DetectionPhase:Design", "Latitude:41.847198", "Longitude:-87.617188", "OriginationPhase:Requirements", "Priority:Medium", "Status:inProgress"], "State": "closed", "Author": "QFA19SCM78S"}
{"issue_number": 157, "created_at": "2019-11-03", "closed_at": "2019-11-04", "labels": ["Address:2635-N-Clark-St-Chicago-IL-60614", "Category:Bug", "DetectionPhase:Design", "Latitude:41.930760", "Longitude:-87.643440", "OriginationPhase:Design", "Priority:Medium", "Status:inProgress"], "State": "closed", "Author": "UFA19SCM32S"}
{"issue_number": 156, "created_at": "2019-11-03", "closed_at": "2019-11-04", "labels": ["Address:3020-S-Halsted-St-Chicago-IL-60608", "Category:Bug", "DetectionPhase:Design", "Latitude:41.838982", "Longitude:-87.646896", "OriginationPhase:Requirements", "Priority:Medium", "Status:inProgress"], "State": "closed", "Author": "SFA19SCM32S"}
{"issue_number": 155, "created_at": "2019-11-03", "closed_at": "2019-11-04", "labels": ["Address:3020-S-Halsted-St-Chicago-IL-60608", "Category:Bug", "DetectionPhase:Design", "Latitude:41.838982", "Longitude:-87.646896", "OriginationPhase:Requirements", "Priority:Medium", "Status:inProgress"], "State": "closed", "Author": "VFA19SCM89K"}
{"issue_number": 154, "created_at": "2019-11-03", "closed_at": "2019-11-05", "labels": [], "State": "closed", "Author": "LFA19SCM90J"}
{"issue_number": 152, "created_at": "2019-11-03", "closed_at": "2019-11-03", "labels": ["Address:111-W-Jackson-Blvd-Chicago-IL-60604", "Category:Bug", "DetectionPhase:Design", "Latitude:41.878050", "Longitude:-87.631210", "OriginationPhase:Requirements", "Priority:Critical", "Status:Approved"], "State": "closed", "Author": "YFA19SCM26H"}
{"issue_number": 149, "created_at": "2019-11-03", "closed_at": "2019-11-03", "labels": ["Address:McDonalds-2301-S-Lake-Shore-Dr- IL-60616", "Category:Bug", "DetectionPhase:Design", "Latitude:41.851200", "Longitude:-87.617767", "OriginationPhase:Requirements", "Priority:Critical", "Status:Approved"], "State": "closed", "Author": "MFA19SCM76K"}
{"issue_number": 147, "created_at": "2019-11-03", "closed_at": "2019-11-06", "labels": ["Address:36-W-Randolph-St-Chicago-IL-60601", "Category:Enhancement", "DetectionPhase:Coding", "Latitude:41.884630", "Longitude:-87.628950", "OriginationPhase:Coding", "Priority:Major", "Status:Completed"], "State": "closed", "Author": "DFA19SCM15W"}
{"issue_number": 146, "created_at": "2019-11-03", "closed_at": "2019-11-04", "labels": ["Address:McDonalds-2301-S-Lake-Shore-Dr- IL-60616", "Category:Bug", "DetectionPhase:Design", "Latitude:41.851200", "Longitude:-87.617770", "OriginationPhase:Requirements", "Priority:Critical", "Status:Approved"], "State": "closed", "Author": "NFA19SCM24W"}
{"issue_number": 143, "created_at": "2019-11-03", "closed_at": null, "labels": ["Category:Inquiry", "DetectionPhase:Coding", "OriginationPhase:Coding", "Priority:Critical", "Status:Completed"], "State": "open", "Author": "SPM587FA19"}
{"issue_number": 142, "created_at": "2019-11-03", "closed_at": null, "labels": ["Category:Bug", "DetectionPhase:Testing", "OriginationPhase:Documentation", "Priority:Major", "Status:inProgress"], "State": "open", "Author": "SPM587FA19"}
{"issue_number": 141, "created_at": "2019-11-03", "closed_at": null, "labels": ["Category:Inquiry", "DetectionPhase:Design", "OriginationPhase:Requirements", "Priority:Critical", "Status:Approved"], "State": "open", "Author": "SPM587FA19"}
{"issue_number": 140, "created_at": "2019-11-03", "closed_at": null, "labels": ["Category:Inquiry", "DetectionPhase:Design", "OriginationPhase:Documentation", "Priority:Major", "Status:pendingReview"], "State": "open", "Author": "SPM587FA19"}
{"issue_number": 139, "created_at": "2019-11-03", "closed_at": "2019-11-09", "labels": ["Category:Bug", "DetectionPhase:Coding", "OriginationPhase:Documentation", "Priority:Low", "Status:pendingReview"], "State": "closed", "Author": "SPM587FA19"}
{"issue_number": 138, "created_at": "2019-11-03", "closed_at": "2019-11-09", "labels": ["Category:Bug", "DetectionPhase:Testing", "OriginationPhase:Field", "Priority:Critical", "Status:Rejected"], "State": "closed", "Author": "SPM587FA19"}
{"issue_number": 137, "created_at": "2019-11-03", "closed_at": "2019-11-09", "labels": ["Category:Bug", "DetectionPhase:Design", "OriginationPhase:Design", "Priority:Low", "Status:Completed"], "State": "closed", "Author": "SPM587FA19"}
{"issue_number": 136, "created_at": "2019-11-03", "closed_at": null, "labels": ["Category:Inquiry", "DetectionPhase:Testing", "OriginationPhase:Requirements", "Priority:Low", "Status:pendingReview"], "State": "open", "Author": "SPM587FA19"}
{"issue_number": 135, "created_at": "2019-11-03", "closed_at": "2019-11-09", "labels": ["Category:Enhancement", "DetectionPhase:Coding", "OriginationPhase:Documentation", "Priority:Low", "Status:Completed"], "State": "closed", "Author": "SPM587FA19"}
{"issue_number": 134, "created_at": "2019-11-03", "closed_at": "2019-11-09", "labels": ["Category:Enhancement", "DetectionPhase:Field", "OriginationPhase:Field", "Priority:High", "Status:Completed"], "State": "closed", "Author": "SPM587FA19"}
{"issue_number": 132, "created_at": "2019-11-03", "closed_at": "2019-11-03", "labels": ["Address:3020-S-Halsted-St-Chicago-IL-60608", "Category:Bug", "DetectionPhase:Design", "Latitude:41.838982", "Longitude:-87.646896", "OriginationPhase:Requirements", "Priority:Medium", "Status:inProgress"], "State": "closed", "Author": "VFA19SCM88G"}
{"issue_number": 131, "created_at": "2019-11-03", "closed_at": null, "labels": ["Address:2525-S-Martin-Luther-King-Dr-IL-60616", "Category:Bug", "DetectionPhase:Design", "Latitude:41.847198", "Longitude:-87.617188", "OriginationPhase:Requirements", "Priority:Critical", "Status:pendingReview"], "State": "open", "Author": "PFA19SCM29Z"}
{"issue_number": 130, "created_at": "2019-11-03", "closed_at": null, "labels": ["Address:McDonalds-2301-S-Lake-Shore-Dr- IL-60616", "Category:Bug", "DetectionPhase:Design", "Latitude:41.851200", "Longitude:-87.617767", "OriginationPhase:Requirements", "Priority:Medium", "Status:Approved"], "State": "open", "Author": "NFA19SCM11P"}
{"issue_number": 129, "created_at": "2019-11-03", "closed_at": "2019-11-09", "labels": ["Category:Enhancement", "DetectionPhase:Design", "OriginationPhase:Testing", "Priority:Low", "Status:Completed"], "State": "closed", "Author": "SPM587FA19"}
{"issue_number": 128, "created_at": "2019-11-03", "closed_at": "2019-11-09", "labels": ["Category:Bug", "DetectionPhase:Testing", "OriginationPhase:Field", "Priority:Low", "Status:Approved"], "State": "closed", "Author": "SPM587FA19"}
{"issue_number": 127, "created_at": "2019-11-03", "closed_at": null, "labels": ["Category:Bug", "DetectionPhase:Field", "OriginationPhase:Documentation", "Priority:Major", "Status:Rejected"], "State": "open", "Author": "SPM587FA19"}
{"issue_number": 126, "created_at": "2019-11-03", "closed_at": "2019-11-09", "labels": ["Category:Enhancement", "DetectionPhase:Design", "OriginationPhase:Field", "Priority:High", "Status:inProgress"], "State": "closed", "Author": "SPM587FA19"}
{"issue_number": 125, "created_at": "2019-11-03", "closed_at": "2019-11-09", "labels": ["Category:Bug", "DetectionPhase:Field", "OriginationPhase:Testing", "Priority:Critical", "Status:Approved"], "State": "closed", "Author": "SPM587FA19"}
{"issue_number": 124, "created_at": "2019-11-03", "closed_at": "2019-11-09", "labels": ["Category:Inquiry", "DetectionPhase:Field", "OriginationPhase:Documentation", "Priority:Medium", "Status:inProgress"], "State": "closed", "Author": "SPM587FA19"}
{"issue_number": 123, "created_at": "2019-11-03", "closed_at": null, "labels": ["Category:Enhancement", "DetectionPhase:Design", "OriginationPhase:Requirements", "Priority:Low", "Status:pendingReview"], "State": "open", "Author": "SPM587FA19"}
{"issue_number": 122, "created_at": "2019-11-03", "closed_at": null, "labels": ["Category:Inquiry", "DetectionPhase:Testing", "OriginationPhase:Coding", "Priority:High", "Status:Completed"], "State": "open", "Author": "SPM587FA19"}
{"issue_number": 121, "created_at": "2019-11-03", "closed_at": "2019-11-07", "labels": ["Category:Bug", "DetectionPhase:Testing", "OriginationPhase:Testing", "Priority:Major", "Status:Rejected"], "State": "closed", "Author": "SPM587FA19"}
{"issue_number": 120, "created_at": "2019-11-03", "closed_at": "2019-11-07", "labels": ["Category:Enhancement", "DetectionPhase:Field", "OriginationPhase:Coding", "Priority:High", "Status:Completed"], "State": "closed", "Author": "SPM587FA19"}
{"issue_number": 119, "created_at": "2019-11-03", "closed_at": "2019-11-03", "labels": [], "State": "closed", "Author": "QFA19SCM57M"}
{"issue_number": 117, "created_at": "2019-11-03", "closed_at": "2019-11-04", "labels": [], "State": "closed", "Author": "QFA19SCM57M"}
{"issue_number": 114, "created_at": "2019-11-03", "closed_at": "2019-11-05", "labels": ["Address:McDonalds-2301-S-Lake-Shore-Dr- IL-60616", "Category:Bug", "DetectionPhase:Design", "Latitude:41.851200", "Longitude:-87.617767", "OriginationPhase:Requirements", "Priority:Medium", "Status:Approved"], "State": "closed", "Author": "AFA19SCM55K"}
{"issue_number": 112, "created_at": "2019-11-03", "closed_at": "2019-11-03", "labels": [], "State": "closed", "Author": "YFA19SCM26H"}
{"issue_number": 111, "created_at": "2019-11-03", "closed_at": "2019-11-03", "labels": ["Address:600-N-Clark-St-Chicago-IL-60610", "Category:Bug", "DetectionPhase:Design", "Latitude:41.892502", "Longitude:-87.631279", "OriginationPhase:Requirements", "Priority:Medium", "Status:pendingReview"], "State": "closed", "Author": "SFA19SCM07S"}
{"issue_number": 110, "created_at": "2019-11-03", "closed_at": "2019-11-03", "labels": [], "State": "closed", "Author": "PFA19SCM29Z"}
{"issue_number": 109, "created_at": "2019-11-03", "closed_at": "2019-11-03", "labels": ["Address:556-E-El-Camino-Real-Sunnyvale-CA-94086", "Category:Bug", "DetectionPhase:Design", "Latitude:37.352261", "Longitude:-122.004959", "OriginationPhase:Requirements", "Priority:Critical", "Status:pendingReview"], "State": "closed", "Author": "JFA19SCM35L"}
{"issue_number": 108, "created_at": "2019-11-03", "closed_at": "2019-11-04", "labels": ["Category:Bug", "DetectionPhase:Design", "Latitude:37.352261", "Longitude:-85.782710", "OriginationPhase:Design", "Priority:Critical", "Status:pendingReview"], "State": "closed", "Author": "MFA19SCM12K"}
{"issue_number": 106, "created_at": "2019-11-03", "closed_at": "2019-11-03", "labels": ["Address:1664-S-BlueIsland-Ave- Chicago-IL-60608", "Category:Bug", "DetectionPhase:Design", "Latitude:41.838982", "Longitude:-87.646896", "OriginationPhase:Requirements", "Priority:Medium", "Status:Approved"], "State": "closed", "Author": "BFA19SCM41Z"}
{"issue_number": 104, "created_at": "2019-11-03", "closed_at": "2019-11-08", "labels": ["Address:2525-SMLKingDr-Chicago-IL-60616", "Category:Bug", "DetectionPhase:Design", "Latitude:41.847198", "Longitude:-87.617188", "OriginationPhase:Requirements", "Priority:Medium", "Status:pendingReview"], "State": "closed", "Author": "MFA19SCM31H"}
{"issue_number": 103, "created_at": "2019-11-03", "closed_at": "2019-11-04", "labels": ["Address:2525-SMLKingDr-Chicago-IL-60616", "Category:Bug", "DetectionPhase:Design", "Latitude:41.847198", "Longitude:-87.617188", "OriginationPhase:Requirements", "Priority:Medium", "Status:pendingReview"], "State": "closed", "Author": "SFA19SCM10P"}
{"issue_number": 102, "created_at": "2019-11-03", "closed_at": "2019-11-03", "labels": ["Address:1117-Howard-St-Evanston-IL-60202", "Category:Bug", "DetectionPhase:Design", "Latitude:42.019798", "Longitude:-87.687698", "OriginationPhase:Requirements", "Priority:Medium", "Status:Approved"], "State": "closed", "Author": "SFA19SCM44R"}
{"issue_number": 100, "created_at": "2019-11-02", "closed_at": "2019-11-03", "labels": ["Address:McDonalds-2301-S-Lake-Shore-Dr- IL-60616", "Category:Bug", "DetectionPhase:Design", "Latitude:41.851200", "Longitude:-87.617770", "OriginationPhase:Requirements", "Priority:Critical", "Status:Approved"], "State": "closed", "Author": "BFA19SCM13K"}
{"issue_number": 97, "created_at": "2019-11-02", "closed_at": "2019-11-02", "labels": ["Address:3020-S-Halsted-St-Chicago-IL-60608", "Category:Bug", "DetectionPhase:Design", "Latitude:41.838982", "Longitude:-87.646896", "OriginationPhase:Requirements", "Priority:Critical", "Status:inProgress"], "State": "closed", "Author": "varockiasamy"}
{"issue_number": 96, "created_at": "2019-11-02", "closed_at": null, "labels": ["Category:Bug", "DetectionPhase:Testing", "OriginationPhase:Design", "Priority:High", "Status:Rejected"], "State": "open", "Author": "SPM587FA19"}
{"issue_number": 95, "created_at": "2019-11-02", "closed_at": null, "labels": ["Category:Inquiry", "DetectionPhase:Design", "OriginationPhase:Field", "Priority:Major", "Status:pendingReview"], "State": "open", "Author": "SPM587FA19"}
{"issue_number": 94, "created_at": "2019-11-02", "closed_at": null, "labels": ["Category:Enhancement", "DetectionPhase:Coding", "OriginationPhase:Documentation", "Priority:Medium", "Status:Completed"], "State": "open", "Author": "SPM587FA19"}
{"issue_number": 93, "created_at": "2019-11-02", "closed_at": null, "labels": ["Category:Enhancement", "DetectionPhase:Field", "OriginationPhase:Documentation", "Priority:High", "Status:pendingReview"], "State": "open", "Author": "SPM587FA19"}
{"issue_number": 92, "created_at": "2019-11-02", "closed_at": null, "labels": ["Category:Inquiry", "DetectionPhase:Testing", "OriginationPhase:Testing", "Priority:Major", "Status:Approved"], "State": "open", "Author": "SPM587FA19"}
{"issue_number": 91, "created_at": "2019-11-02", "closed_at": null, "labels": ["Category:Enhancement", "DetectionPhase:Design", "OriginationPhase:Design", "Priority:Medium", "Status:pendingReview"], "State": "open", "Author": "SPM587FA19"}
{"issue_number": 90, "created_at": "2019-11-02", "closed_at": null, "labels": ["Category:Bug", "DetectionPhase:Field", "OriginationPhase:Testing", "Priority:Low", "Status:inProgress"], "State": "open", "Author": "SPM587FA19"}
{"issue_number": 89, "created_at": "2019-11-02", "closed_at": null, "labels": ["Category:Bug", "DetectionPhase:Design", "OriginationPhase:Coding", "Priority:Low", "Status:Completed"], "State": "open", "Author": "SPM587FA19"}
{"issue_number": 88, "created_at": "2019-11-02", "closed_at": null, "labels": ["Category:Inquiry", "DetectionPhase:Design", "OriginationPhase:Field", "Priority:Major", "Status:Completed"], "State": "open", "Author": "SPM587FA19"}
{"issue_number": 87, "created_at": "2019-11-02", "closed_at": null, "labels": ["Category:Inquiry", "DetectionPhase:Design", "OriginationPhase:Testing", "Priority:Medium", "Status:Completed"], "State": "open", "Author": "SPM587FA19"}
{"issue_number": 86, "created_at": "2019-11-02", "closed_at": null, "labels": ["Category:Enhancement", "DetectionPhase:Coding", "OriginationPhase:Field", "Priority:Major", "Status:Completed"], "State": "open", "Author": "SPM587FA19"}
{"issue_number": 85, "created_at": "2019-11-02", "closed_at": null, "labels": ["Category:Inquiry", "DetectionPhase:Testing", "OriginationPhase:Design", "Priority:High", "Status:Completed"], "State": "open", "Author": "SPM587FA19"}
{"issue_number": 84, "created_at": "2019-11-02", "closed_at": null, "labels": ["Category:Inquiry", "DetectionPhase:Coding", "OriginationPhase:Requirements", "Priority:Critical", "Status:Approved"], "State": "open", "Author": "SPM587FA19"}
{"issue_number": 83, "created_at": "2019-11-02", "closed_at": null, "labels": ["Category:Inquiry", "DetectionPhase:Testing", "OriginationPhase:Field", "Priority:Low", "Status:Rejected"], "State": "open", "Author": "SPM587FA19"}
{"issue_number": 82, "created_at": "2019-11-02", "closed_at": null, "labels": ["Category:Enhancement", "DetectionPhase:Field", "OriginationPhase:Requirements", "Priority:Medium", "Status:pendingReview"], "State": "open", "Author": "SPM587FA19"}
{"issue_number": 81, "created_at": "2019-11-02", "closed_at": null, "labels": ["Category:Bug", "DetectionPhase:Testing", "OriginationPhase:Testing", "Priority:Low", "Status:inProgress"], "State": "open", "Author": "SPM587FA19"}
{"issue_number": 80, "created_at": "2019-11-02", "closed_at": null, "labels": ["Category:Bug", "DetectionPhase:Field", "OriginationPhase:Design", "Priority:Major", "Status:Completed"], "State": "open", "Author": "SPM587FA19"}
{"issue_number": 79, "created_at": "2019-11-02", "closed_at": null, "labels": ["Category:Bug", "DetectionPhase:Coding", "OriginationPhase:Coding", "Priority:High", "Status:Approved"], "State": "open", "Author": "SPM587FA19"}
{"issue_number": 78, "created_at": "2019-11-02", "closed_at": null, "labels": ["Category:Inquiry", "DetectionPhase:Field", "OriginationPhase:Requirements", "Priority:Medium", "Status:pendingReview"], "State": "open", "Author": "SPM587FA19"}
{"issue_number": 77, "created_at": "2019-11-02", "closed_at": "2019-11-02", "labels": [], "State": "closed", "Author": "BFA19SCM41Z"}
{"issue_number": 76, "created_at": "2019-11-02", "closed_at": "2019-11-02", "labels": ["Address:1563-N-Wells-St-Chicago-IL-60610", "Category:Bug", "DetectionPhase:Design", "Latitude:41.910320", "Longitude:-87.634540", "OriginationPhase:Requirements", "Priority:Critical", "Status:pendingReview"], "State": "closed", "Author": "MFA19SCM94G"}
{"issue_number": 75, "created_at": "2019-11-02", "closed_at": "2019-11-02", "labels": [], "State": "closed", "Author": "DFA19SCM15W"}
{"issue_number": 73, "created_at": "2019-11-02", "closed_at": "2019-11-02", "labels": ["Address:McDonalds-2301-S-Lake-Shore-Dr- IL-60616", "Category:Enhancement", "Category:Inquiry", "DetectionPhase:Design", "Latitude:41.851200", "Longitude:-87.617770", "OriginationPhase:Design", "OriginationPhase:Requirements", "Priority:Critical", "Priority:Medium", "Status:Approved", "Status:inProgress", "Status:pendingReview"], "State": "closed", "Author": "LFA19SCM92S"}
{"issue_number": 71, "created_at": "2019-11-02", "closed_at": "2019-11-02", "labels": ["Address:1117-Howard-St-Evanston-IL-60202", "Category:Inquiry", "DetectionPhase:Design", "Latitude:42.019800", "Longitude:-87.687700", "OriginationPhase:Requirements", "Priority:Medium", "Status:pendingReview"], "State": "closed", "Author": "SFA19SCM88A"}
{"issue_number": 69, "created_at": "2019-11-01", "closed_at": null, "labels": ["Address:3020-S-Halsted-St-Chicago-IL-60608", "Category:Bug", "DetectionPhase:Design", "Latitude:41.838982", "Longtitude:-87.646896", "OriginationPhase:Design", "Priority:Critical", "Status:Approved"], "State": "open", "Author": "DFA19SCM12B"}
{"issue_number": 67, "created_at": "2019-11-01", "closed_at": null, "labels": ["Address:2525-SMLKingDr-Chicago-IL-60616", "Category:Bug", "DetectionPhase:Design", "Latitude:41.847198", "Longitude:-87.617188", "OriginationPhase:Design", "Priority:Critical", "Status:Approved"], "State": "open", "Author": "AFA19SCM39G"}
{"issue_number": 66, "created_at": "2019-11-01", "closed_at": "2019-11-01", "labels": ["Address:1563-N-Wells-St-Chicago-IL-60610", "Category:Bug", "DetectionPhase:Design", "Latitude:41.910320", "Longitude:-87.634540", "OriginationPhase:Design", "Priority:Medium", "Status:pendingReview"], "State": "closed", "Author": "YFA19SCM22L"}
{"issue_number": 65, "created_at": "2019-11-01", "closed_at": "2019-11-01", "labels": ["Category:Enhancement", "DetectionPhase:Design", "OriginationPhase:Field", "Priority:Major", "Status:Approved"], "State": "closed", "Author": "AFA19SCM39G"}
{"issue_number": 64, "created_at": "2019-11-01", "closed_at": null, "labels": ["Category:Inquiry", "DetectionPhase:Design", "OriginationPhase:Requirements", "Priority:High", "Status:Rejected"], "State": "open", "Author": "SPM587FA19"}
{"issue_number": 63, "created_at": "2019-11-01", "closed_at": "2019-11-07", "labels": ["Category:Bug", "DetectionPhase:Testing", "OriginationPhase:Documentation", "Priority:Medium", "Status:inProgress"], "State": "closed", "Author": "SPM587FA19"}
{"issue_number": 62, "created_at": "2019-11-01", "closed_at": "2019-11-03", "labels": ["Category:Enhancement", "DetectionPhase:Field", "OriginationPhase:Documentation", "Priority:High", "Status:pendingReview"], "State": "closed", "Author": "SPM587FA19"}
{"issue_number": 61, "created_at": "2019-11-01", "closed_at": "2019-11-02", "labels": ["Category:Bug", "DetectionPhase:Field", "OriginationPhase:Documentation", "Priority:Low", "Status:Approved"], "State": "closed", "Author": "SPM587FA19"}
{"issue_number": 60, "created_at": "2019-11-01", "closed_at": "2019-11-07", "labels": ["Category:Enhancement", "DetectionPhase:Design", "Priority:High", "Priority:Low", "Status:inProgress"], "State": "closed", "Author": "SPM587FA19"}
{"issue_number": 59, "created_at": "2019-11-01", "closed_at": "2019-11-03", "labels": ["Category:Inquiry", "DetectionPhase:Testing", "OriginationPhase:Field", "Priority:Major", "Status:pendingReview"], "State": "closed", "Author": "SPM587FA19"}
{"issue_number": 58, "created_at": "2019-11-01", "closed_at": "2019-11-07", "labels": ["Category:Enhancement", "DetectionPhase:Coding", "OriginationPhase:Field", "Priority:Medium", "Status:inProgress"], "State": "closed", "Author": "SPM587FA19"}
{"issue_number": 57, "created_at": "2019-11-01", "closed_at": "2019-11-01", "labels": ["Category:Inquiry", "DetectionPhase:Coding", "OriginationPhase:Testing", "Priority:High", "Status:Rejected"], "State": "closed", "Author": "SPM587FA19"}
{"issue_number": 56, "created_at": "2019-11-01", "closed_at": "2019-11-03", "labels": ["Category:Inquiry", "DetectionPhase:Design", "OriginationPhase:Requirements", "Priority:Low", "Status:pendingReview"], "State": "closed", "Author": "SPM587FA19"}
{"issue_number": 55, "created_at": "2019-11-01", "closed_at": "2019-11-07", "labels": ["Category:Enhancement", "DetectionPhase:Field", "OriginationPhase:Field", "Priority:Medium", "Status:inProgress"], "State": "closed", "Author": "SPM587FA19"}
{"issue_number": 54, "created_at": "2019-11-01", "closed_at": "2019-11-03", "labels": ["Category:Bug", "DetectionPhase:Design", "OriginationPhase:Documentation", "Priority:Critical", "Status:Completed"], "State": "closed", "Author": "SPM587FA19"}
{"issue_number": 53, "created_at": "2019-11-01", "closed_at": "2019-11-07", "labels": ["Category:Bug", "DetectionPhase:Field", "OriginationPhase:Testing", "Priority:Medium", "Status:Completed"], "State": "closed", "Author": "SPM587FA19"}
{"issue_number": 52, "created_at": "2019-11-01", "closed_at": "2019-11-03", "labels": ["Category:Bug", "DetectionPhase:Field", "OriginationPhase:Requirements", "Priority:Medium", "Status:pendingReview"], "State": "closed", "Author": "SPM587FA19"}
{"issue_number": 51, "created_at": "2019-11-01", "closed_at": "2019-11-02", "labels": ["Category:Bug", "DetectionPhase:Coding", "OriginationPhase:Design", "Priority:High", "Status:Completed"], "State": "closed", "Author": "SPM587FA19"}
{"issue_number": 50, "created_at": "2019-11-01", "closed_at": "2019-11-02", "labels": ["Category:Inquiry", "DetectionPhase:Field", "OriginationPhase:Field", "Priority:Low", "Status:Rejected"], "State": "closed", "Author": "SPM587FA19"}
{"issue_number": 48, "created_at": "2019-11-01", "closed_at": "2019-11-01", "labels": ["Address:1664-S-BlueIsland-Ave- Chicago-IL-60608", "Category:Bug", "DetectionPhase:Design", "Latitude:41.858450", "Longitude:-87.660900", "OriginationPhase:Design", "Priority:Medium", "Status:Approved"], "State": "closed", "Author": "SFA19SCM82X"}
{"issue_number": 46, "created_at": "2019-11-01", "closed_at": "2019-11-01", "labels": ["Address:1664-S-BlueIsland-Ave- Chicago-IL-60608", "Category:Bug", "DetectionPhase:Design", "Latitude:41.838982", "Longtitude:-87.646896", "OriginationPhase:Design", "Priority:Critical", "Status:inProgress"], "State": "closed", "Author": "ZFA19SCM66L"}
{"issue_number": 44, "created_at": "2019-10-31", "closed_at": "2019-10-31", "labels": ["Address:2525-SMLKingDr-Chicago-IL-60616", "Category:Bug", "DetectionPhase:Design", "Latitude:41.847198", "Longitude:-87.617188", "OriginationPhase:Design", "Priority:Critical", "Status:Approved"], "State": "closed", "Author": "CFA19SCM95L"}
{"issue_number": 43, "created_at": "2019-10-31", "closed_at": "2019-11-07", "labels": ["Category:Inquiry", "DetectionPhase:Field", "OriginationPhase:Requirements", "Priority:Low", "Status:Approved"], "State": "closed", "Author": "SPM587FA19"}
{"issue_number": 42, "created_at": "2019-10-31", "closed_at": "2019-11-02", "labels": ["Category:Bug", "DetectionPhase:Field", "OriginationPhase:Design", "Priority:Critical", "Status:Completed"], "State": "closed", "Author": "SPM587FA19"}
{"issue_number": 41, "created_at": "2019-10-31", "closed_at": "2019-11-03", "labels": ["Category:Inquiry", "DetectionPhase:Field", "OriginationPhase:Documentation", "Priority:Major", "Status:Completed"], "State": "closed", "Author": "SPM587FA19"}
{"issue_number": 40, "created_at": "2019-10-31", "closed_at": "2019-11-02", "labels": ["Category:Enhancement", "DetectionPhase:Field", "OriginationPhase:Coding", "Priority:Medium", "Status:pendingReview"], "State": "closed", "Author": "SPM587FA19"}
{"issue_number": 39, "created_at": "2019-10-31", "closed_at": "2019-11-07", "labels": ["Category:Enhancement", "DetectionPhase:Design", "OriginationPhase:Design", "Priority:High", "Status:Rejected"], "State": "closed", "Author": "SPM587FA19"}
{"issue_number": 38, "created_at": "2019-10-31", "closed_at": "2019-11-02", "labels": ["Category:Enhancement", "DetectionPhase:Testing", "OriginationPhase:Documentation", "Priority:Medium", "Status:pendingReview"], "State": "closed", "Author": "SPM587FA19"}
{"issue_number": 37, "created_at": "2019-10-31", "closed_at": "2019-11-03", "labels": ["Category:Bug", "DetectionPhase:Testing", "OriginationPhase:Testing", "Priority:Low", "Status:Approved"], "State": "closed", "Author": "SPM587FA19"}
{"issue_number": 36, "created_at": "2019-10-31", "closed_at": "2019-11-01", "labels": ["Category:Inquiry", "DetectionPhase:Coding", "OriginationPhase:Field", "Priority:Critical", "Status:inProgress"], "State": "closed", "Author": "SPM587FA19"}
{"issue_number": 35, "created_at": "2019-10-31", "closed_at": "2019-11-02", "labels": ["Category:Inquiry", "DetectionPhase:Field", "OriginationPhase:Coding", "Priority:Major", "Status:Rejected"], "State": "closed", "Author": "SPM587FA19"}
{"issue_number": 34, "created_at": "2019-10-31", "closed_at": "2019-11-07", "labels": ["Category:Bug", "DetectionPhase:Design", "OriginationPhase:Requirements", "Priority:Major", "Status:Completed"], "State": "closed", "Author": "SPM587FA19"}
{"issue_number": 33, "created_at": "2019-10-31", "closed_at": "2019-11-02", "labels": ["Category:Inquiry", "DetectionPhase:Design", "OriginationPhase:Requirements", "Priority:Major", "Status:Rejected"], "State": "closed", "Author": "SPM587FA19"}
{"issue_number": 32, "created_at": "2019-10-31", "closed_at": "2019-11-03", "labels": ["Category:Enhancement", "DetectionPhase:Field", "OriginationPhase:Requirements", "Priority:Medium", "Status:pendingReview"], "State": "closed", "Author": "SPM587FA19"}
{"issue_number": 31, "created_at": "2019-10-31", "closed_at": "2019-10-31", "labels": ["Category:Enhancement", "DetectionPhase:Coding", "OriginationPhase:Documentation", "Priority:High", "Status:Completed"], "State": "closed", "Author": "SPM587FA19"}
{"issue_number": 30, "created_at": "2019-10-31", "closed_at": "2019-11-01", "labels": ["Category:Bug", "DetectionPhase:Coding", "OriginationPhase:Design", "Priority:Medium", "Status:Rejected"], "State": "closed", "Author": "SPM587FA19"}
{"issue_number": 29, "created_at": "2019-10-31", "closed_at": "2019-11-02", "labels": ["Category:Inquiry", "DetectionPhase:Testing", "OriginationPhase:Testing", "Priority:Critical", "Status:Approved"], "State": "closed", "Author": "SPM587FA19"}
{"issue_number": 28, "created_at": "2019-10-31", "closed_at": "2019-10-31", "labels": ["Category:Enhancement", "DetectionPhase:Field", "OriginationPhase:Documentation", "Priority:Low", "Status:inProgress"], "State": "closed", "Author": "SPM587FA19"}
{"issue_number": 26, "created_at": "2019-10-31", "closed_at": "2019-10-31", "labels": ["Address:2525-SMLKingDr-Chicago-IL-60616", "Category:Bug", "DetectionPhase:Design", "Latitude:41.847198", "Longitude:-87.617188", "OriginationPhase:Design", "Priority:Medium", "Status:Approved"], "State": "closed", "Author": "RFA19SCM45R"}
{"issue_number": 25, "created_at": "2019-10-31", "closed_at": null, "labels": ["Address:1117-Howard-St-Evanston-IL-60202", "Category:Bug", "DetectionPhase:Design", "OriginationPhase:Requirements", "Priority:Critical", "Status:Approved"], "State": "open", "Author": "JFA19SCM01S"}
{"issue_number": 24, "created_at": "2019-10-30", "closed_at": "2019-11-01", "labels": ["Category:Inquiry", "DetectionPhase:Testing", "OriginationPhase:Testing", "Priority:Critical", "Status:Rejected"], "State": "closed", "Author": "SPM587FA19"}
{"issue_number": 23, "created_at": "2019-10-30", "closed_at": "2019-10-31", "labels": ["Category:Enhancement", "DetectionPhase:Field", "OriginationPhase:Requirements", "Priority:High", "Status:Completed"], "State": "closed", "Author": "SPM587FA19"}
{"issue_number": 22, "created_at": "2019-10-30", "closed_at": "2019-11-02", "labels": ["Category:Enhancement", "DetectionPhase:Field", "OriginationPhase:Testing", "Priority:Low", "Status:pendingReview"], "State": "closed", "Author": "SPM587FA19"}
{"issue_number": 21, "created_at": "2019-10-30", "closed_at": "2019-10-31", "labels": ["Category:Inquiry", "DetectionPhase:Design", "OriginationPhase:Requirements", "Priority:Low", "Status:Approved"], "State": "closed", "Author": "SPM587FA19"}
{"issue_number": 20, "created_at": "2019-10-30", "closed_at": "2019-11-01", "labels": ["Category:Enhancement", "DetectionPhase:Testing", "OriginationPhase:Design", "Priority:Low", "Status:Completed"], "State": "closed", "Author": "SPM587FA19"}
{"issue_number": 19, "created_at": "2019-10-30", "closed_at": "2019-10-31", "labels": ["Category:Enhancement", "DetectionPhase:Testing", "OriginationPhase:Documentation", "Priority:Major", "Status:pendingReview"], "State": "closed", "Author": "SPM587FA19"}
{"issue_number": 18, "created_at": "2019-10-30", "closed_at": "2019-11-02", "labels": ["Category:Inquiry", "DetectionPhase:Testing", "OriginationPhase:Requirements", "Priority:Low", "Status:inProgress"], "State": "closed", "Author": "SPM587FA19"}
{"issue_number": 17, "created_at": "2019-10-30", "closed_at": "2019-10-31", "labels": ["Category:Enhancement", "DetectionPhase:Field", "OriginationPhase:Requirements", "Priority:Medium", "Status:Rejected"], "State": "closed", "Author": "SPM587FA19"}
{"issue_number": 16, "created_at": "2019-10-30", "closed_at": "2019-11-01", "labels": ["Category:Inquiry", "DetectionPhase:Design", "OriginationPhase:Requirements", "Priority:Low", "Status:pendingReview"], "State": "closed", "Author": "SPM587FA19"}
{"issue_number": 15, "created_at": "2019-10-30", "closed_at": "2019-11-03", "labels": ["Category:Inquiry", "DetectionPhase:Testing", "OriginationPhase:Documentation", "Priority:Major", "Status:Completed"], "State": "closed", "Author": "SPM587FA19"}
{"issue_number": 14, "created_at": "2019-10-30", "closed_at": "2019-11-01", "labels": ["Category:Enhancement", "DetectionPhase:Field", "OriginationPhase:Requirements", "Priority:Major", "Status:inProgress"], "State": "closed", "Author": "SPM587FA19"}
{"issue_number": 13, "created_at": "2019-10-30", "closed_at": "2019-11-02", "labels": ["Category:Bug", "DetectionPhase:Testing", "OriginationPhase:Requirements", "Priority:Critical", "Status:Rejected"], "State": "closed", "Author": "SPM587FA19"}
{"issue_number": 12, "created_at": "2019-10-30", "closed_at": "2019-11-01", "labels": ["Category:Inquiry", "DetectionPhase:Field", "OriginationPhase:Requirements", "Priority:Low", "Status:inProgress"], "State": "closed", "Author": "SPM587FA19"}
{"issue_number": 11, "created_at": "2019-10-30", "closed_at": "2019-11-01", "labels": ["Category:Enhancement", "DetectionPhase:Coding", "OriginationPhase:Field", "Priority:Medium", "Status:Approved"], "State": "closed", "Author": "SPM587FA19"}
{"issue_number": 10, "created_at": "2019-10-30", "closed_at": "2019-10-31", "labels": ["Category:Bug", "DetectionPhase:Testing", "OriginationPhase:Field", "Priority:Major", "Status:inProgress"], "State": "closed", "Author": "SPM587FA19"}
{"issue_number": 9, "created_at": "2019-10-30", "closed_at": "2019-11-03", "labels": ["Category:Enhancement", "DetectionPhase:Design", "OriginationPhase:Documentation", "Priority:Low", "Status:Rejected"], "State": "closed", "Author": "SPM587FA19"}
{"issue_number": 8, "created_at": "2019-10-30", "closed_at": "2019-10-31", "labels": ["Category:Inquiry", "DetectionPhase:Testing", "OriginationPhase:Field", "Priority:Low", "Status:inProgress"], "State": "closed", "Author": "SPM587FA19"}
{"issue_number": 7, "created_at": "2019-10-30", "closed_at": "2019-11-01", "labels": ["Category:Bug", "DetectionPhase:Testing", "OriginationPhase:Requirements", "Priority:Critical", "Status:pendingReview"], "State": "closed", "Author": "SPM587FA19"}
{"issue_number": 6, "created_at": "2019-10-30", "closed_at": "2019-10-31", "labels": ["Category:Enhancement", "DetectionPhase:Field", "OriginationPhase:Requirements", "Priority:Medium", "Status:pendingReview"], "State": "closed", "Author": "SPM587FA19"}
{"issue_number": 5, "created_at": "2019-10-30", "closed_at": "2019-10-31", "labels": ["Category:Inquiry", "DetectionPhase:Field", "OriginationPhase:Field", "Priority:Major", "Status:inProgress"], "State": "closed", "Author": "SPM587FA19"}
{"issue_number": 4, "created_at": "2019-10-30", "closed_at": "2019-10-30", "labels": ["Category:Enhancement", "DetectionPhase:Design", "OriginationPhase:Field", "Priority:Major", "Status:Rejected"], "State": "closed", "Author": "SPM587FA19"}
{"issue_number": 3, "created_at": "2019-10-30", "closed_at": "2019-10-30", "labels": ["Category:Bug", "DetectionPhase:Coding", "OriginationPhase:Design", "Priority:High", "Status:Approved"], "State": "closed", "Author": "SPM587FA19"}
{"issue_number": 2, "created_at": "2019-10-28", "closed_at": "2019-10-29", "labels": ["Category:Inquiry", "DetectionPhase:Design", "OriginationPhase:Requirements", "Priority:Medium", "Status:inProgress"], "State": "closed", "Author": "PFA19SCM29Z"}
{"issue_number": 1, "created_at": "2019-10-11", "closed_at": "2019-10-30", "labels": ["Category:Enhancement", "DetectionPhase:Field", "OriginationPhase:Requirements", "Priority:Low", "Status:Completed"], "State": "closed", "Author": "SPM587FA19"}
